{
    "loss": [
        157.95355224609375
    ],
    "validationLoss": [
        147.74853515625
    ]
}